Mes,Dia,Local,Rival,Hora,LogoLocal,LogoRival
2,7,Tigres,Monterrey,21:00,Tigres.png,Monterrey.png
2,12,Tigres Femenil,Santos Laguna Femenil,20:00,Tigres.png,Santos.png
2,15,Tigres,Queretaro,17:00,Tigres.png,Queretaro.png
2,15,Tigres Femenil,Queretaro Femenil,20:00,Tigres.png,Queretaro.png
2,22,Tigres,FC Juarez,19:00,Tigres.png,Juarez.png
2,22,Tigres Femenil,CA San Luis Femenil,17:00,Tigres.png,San-luis.png
2,25,Tigres Femenil,America Femenil,19:00,Tigres.png,America.png
3,2,Tigres Femenil,Club Tijuana Femenil,21:00,Tigres.png,Tijuana.png
3,3,Tigres,Club Tijuana,21:00,Tigres.png,Tijuana.png
3,5,Tigres Femenil,Guadalajara Femenil,17:00,Tigres.png,Guadalajara.png
3,11,Tigres,Guadalajara,16:00,Tigres.png,Guadalajara.png
3,17,Tigres,Necaxa,20:00,Tigres.png,Necaxa.png
3,22,Tigres,Atlas,18:00,Tigres.png,Atlas.png
3,24,Tigres Femenil,Monterrey Femenil,20:00,Tigres.png,Monterrey-Femenil.png
3,25,Tigres,Mazatlan FC,16:00,Tigres.png,Mazatlan.png
3,30,Tigres Femenil,Toluca Femenil,21:00,Tigres.png,Toluca-F.png
4,2,Tigres,Guadalajara,19:00,Tigres.png,Guadalajara.png
4,9,Tigres,Guadalajara,19:00,Tigres.png,Guadalajara.png
4,3,Tigres Femenil,Toluca Femenil,19:00,Tigres.png,Toluca-F.png
